{
    "type": "crafting_shapeless",
    "ingredients": [
        {
            "item": "minecraft:command_block",
            "data": {
                "require": {
                    "OreDict": [
                        "PoisonItem"
                    ]
                }
            }
        },
        {
            "item": "minecraft:glass_bottle"
        }
    ],
    "result": {
        "item": "minecraft:potion",
        "data": {
            "display": {
                "Name": "{\"translate\":\"chem.spider_poison.chem\"}"
            },
            "CustomPotionEffects":[
                {
                    "Id": 19,
                    "Amplifier": 0,
                    "Duration": 100
                }
            ],
            "CustomPotionColor": 6409267,
            "OreDict": [
                "PoisonLiquid"
            ]
        }
    }
}