{
    "type": "minecraft:crafting_shapeless",
    "ingredients": [
        {
            "item": "minecraft:stripped_dark_oak_log"
        },
        {
            "item": "minecraft:wooden_axe",
            "remainder": {
                "item": "minecraft:wooden_axe",
                "data": {
                    "Damage": "$ i1.Damage + 1"
                }
            }
        }
    ],
    "result": {
        "item": "minecraft:dark_oak_planks",
        "count": 2
    }
}