{
    "type": "minecraft:crafting_shaped",
    "pattern": [
        " # ",
        "SCS"
    ],
    "key": {
        "#": {
            "item": "minecraft:command_block",
            "data": {
                "OreDict": [
                    "SawIron"
                ],
                "CustomModelData": 12070001,
                "display": {
                    "Name": "{\"text\":\"saw blade\",\"color\":\"white\",\"italic\":false}"
                }
            }
        },
        "S": {
            "tag": "survival:stripped_logs"
        },
        "C": {
            "item": "minecraft:stone"
        }
    },
    "result": {
        "item": "minecraft:stonecutter",
        "count": 1
    }
}