{
  "type": "minecraft:entity",
  "pools": [
    {
      "rolls": 1,
      "entries": [
        {
          "type": "minecraft:item",
          "name": "minecraft:nether_star"
        }
      ]
    },
    {
      "rolls": 1,
      "entries": [
        {
          "type": "minecraft:item",
          "name": "minecraft:command_block",
          "functions": [
            {
              "function": "minecraft:set_nbt",
              "tag": "{display:{Name:'{\"text\":\"Shard of a fallen god\",\"color\":\"white\",\"italic\":false}'},CustomModelData:12070002,OreDict:[\"GodShard\"]}"
            }
          ]
        }
      ]
    }
  ]
}